{
  "Inspector": {
    "h": 0.2833775579929352,
    "minH": 140,
    "minW": 220,
    "w": 0.20729167759418488,
    "x": 0.6848958730697632,
    "y": 0.46507516503334045
  },
  "Log": {
    "h": 0.22767463326454163,
    "minH": 140,
    "minW": 220,
    "w": 0.2018229216337204,
    "x": 0.7585937976837158,
    "y": 0.09637489169836044
  },
  "Outliner": {
    "h": 0.3770999312400818,
    "minH": 140,
    "minW": 220,
    "w": 0.3096354305744171,
    "x": 0.15468750894069672,
    "y": 0.3651635944843292
  },
  "Palette": {
    "h": 0.17771883308887482,
    "minH": 140,
    "minW": 220,
    "w": 0.15651042759418488,
    "x": 0.13255208730697632,
    "y": 0.11229000985622406
  },
  "Toolbar": {
    "h": 0.1763925850391388,
    "minH": 140,
    "minW": 220,
    "w": 0.3174479305744171,
    "x": 0.3580729365348816,
    "y": 0.09858532249927521
  }
}