{
  "Inspector": {
    "h": 0.22855880856513977,
    "minH": 140,
    "minW": 220,
    "w": 0.18645834922790527,
    "x": 0.3075520992279053,
    "y": 0.012378426268696785
  },
  "Log": {
    "h": 0.3465959429740906,
    "minH": 140,
    "minW": 220,
    "w": 0.34401044249534607,
    "x": 0.5158854722976685,
    "y": 0.030061893165111542
  },
  "Outliner": {
    "h": 0.30680814385414124,
    "minH": 140,
    "minW": 220,
    "w": 0.16041667759418488,
    "x": 0.03229166939854622,
    "y": 0.09681697934865952
  },
  "Palette": {
    "h": 0.33244916796684265,
    "minH": 140,
    "minW": 220,
    "w": 0.23385417461395264,
    "x": 0.02760416828095913,
    "y": 0.02961980551481247
  },
  "Toolbar": {
    "h": 0.37577366828918457,
    "minH": 140,
    "minW": 220,
    "w": 0.3721354305744171,
    "x": 0.3098958432674408,
    "y": 0.3978779911994934
  }
}